ID,Name
15,"Air Purifier 2026"
16,"Aluminum Foil Roll 30m"
17,"Blender High Speed"
18,"Bubble Mailer Envelope Pack of 50"
19,"Coffee Maker Capsule"
20,"Corrugated Shipping Box Medium"
21,"Corrugated Shipping Box Small"
22,"Dish Rack Stainless Steel"
23,"Eco Paper Bag Large"
24,"Eco Paper Bag Medium"
25,"Electric Kettle Stainless Steel"
26,"Glass Jar 250ml Pack of 12"
27,"Induction Cooktop Portable"
28,"Iron Steam Compact"
29,"Kids Cotton Pajamas"
30,"Kids Cotton Socks Pack of 10"
31,"Kids Gloves"
32,"Kids Hat"
33,"Kids Hat Summer"
34,"Kids Hat Winter"
35,"Kids Hoodie"
36,"Kids Raincoat"
37,"Kids Sandals"
38,"Kids School Backpack"
39,"Kids Shirt Cotton"
40,"Kids Sneakers"
41,"Kids T-shirt"
42,"Kids T-shirt Graphic"
43,"Kids Winter Coat"
44,"Kids Winter Jacket"
45,"Label Stickers 1000 pcs"
46,"Laundry Basket Foldable"
47,"Men’s Cargo Pants"
48,"Men’s Casual Sneakers 2026"
49,"Men’s Casual Sneakers Retro"
50,"Men’s Dress Shirt"
51,"Men’s Formal Shirt"
52,"Men’s Hiking Boots"
53,"Men’s Hiking Shoes"
54,"Men’s Jacket Bomber"
55,"Men’s Jacket Denim"
56,"Men’s Jacket Leather"
57,"Men’s Leather Belt"
58,"Men’s Leather Shoes"
59,"Men’s Polo Casual"
60,"Men’s Polo Shirt"
61,"Men’s Shorts Casual"
62,"Men’s Shorts Denim"
63,"Men’s Shorts Sport"
64,"Men’s Slim Fit Jeans"
65,"Men’s Suit 2-piece"
66,"Men’s Suit Formal"
67,"Men’s Sunglasses Classic"
68,"Men’s Sunglasses Polarized"
69,"Men’s Swim Shorts"
70,"Men’s Swimwear"
71,"Men’s Tie Classic"
72,"Men’s Tie Silk"
73,"Men’s Tie Silk"
74,"Men’s Wallet Leather"
75,"Men’s Wallet Slim"
76,"Men’s Watch Stainless Steel"
77,"Men’s Wool Sweater"
78,"Metal Tin Container 500ml"
79,"Microwave Oven Compact"
80,"Packing Tape Transparent (6 rolls)"
81,"Plastic Bottle 1L Pack of 10"
82,"Plastic Cup Pack of 100"
83,"Plastic Food Container Set (20 pcs)"
84,"Plastic Wrap Roll 100m"
85,"Reusable Cloth Bag Large"
86,"Robot Vacuum Cleaner"
87,"Smart Curtain Motor"
88,"Smart Refrigerator Mini"
89,"Smart Rice Cooker"
90,"Sports Running Shoes"
91,"Sports Shorts"
92,"Sports T-shirt Dry Fit"
93,"Stretch Film Industrial"
94,"Thermal Insulated Bag"
95,"Unisex Backpack Casual"
96,"Unisex Backpack Travel"
97,"Unisex Baseball Cap"
98,"Unisex Baseball Jacket"
99,"Unisex Beanie"
100,"Unisex Beanie Hat"
101,"Unisex Gloves Winter"
102,"Unisex Hiking Backpack"
103,"Unisex Hoodie Graphic"
104,"Unisex Hoodie Oversized"
105,"Unisex Rain Boots"
106,"Unisex Socks Pack of 5"
107,"Unisex Travel Bag"
108,"Unisex Wool Hat"
109,"Vacuum Cleaner Compact"
110,"Vacuum Seal Bags Pack of 50"
111,"Winter Coat Long"
112,"Winter Jacket Down"
113,"Women’s Blazer Casual"
114,"Women’s Bracelet Gold"
115,"Women’s Bracelet Silver"
116,"Women’s Bracelet Silver"
117,"Women’s Coat Trench"
118,"Women’s Coat Wool"
119,"Women’s Coat Wool"
120,"Women’s Earrings Pearl"
121,"Women’s Earrings Set"
122,"Women’s Evening Dress"
123,"Women’s Evening Gown"
124,"Women’s Flats Shoes"
125,"Women’s Handbag Leather"
126,"Women’s High Heels"
127,"Women’s Leggings"
128,"Women’s Leggings Sport"
129,"Women’s Leggings Yoga"
130,"Women’s Maxi Dress"
131,"Women’s Necklace Gold Plated"
132,"Women’s Ring Silver"
133,"Women’s Sandals Casual"
134,"Women’s Sandals Summer"
135,"Women’s Scarf Silk"
136,"Women’s Silk Blouse"
137,"Women’s Skirt Casual"
138,"Women’s Skirt Denim"
139,"Women’s Summer Dress Floral"
140,"Women’s Tote Bag"
141,"Women’s Watch Elegant"
142,"Women’s Yoga Pants"
143,"Women’s Yoga Top"
144,"Wooden Crate Large"
145,"Wooden Crate Small"
